{"cameraMode":{"drawMode":0,"name":"Shaded","section":"Shading Mode"},"sceneLighting":true,"audioPlay":false,"sceneViewState":{"showFog":true,"showMaterialUpdate":false,"showSkybox":true,"showFlares":true,"showImageEffects":true,"showParticleSystems":true},"in2DMode":false,"pivot":{"x":-26.320650100708009,"y":15.64356517791748,"z":-16.787620544433595},"rotation":{"x":0.0017821030924096704,"y":0.1745973825454712,"z":-0.00031538159237243235,"w":0.9846451878547669},"size":0.033674001693725589,"orthographic":false}